Field1_Text,Field1_Link,Field2_Text,Field2_Link
zee afval,https://scratch.mit.edu/projects/309626273/,renci7,https://scratch.mit.edu/users/renci7/
Kubo Kicked The Numberblocks Off a Cliff  remix,https://scratch.mit.edu/projects/318165797/,spinnerabc,https://scratch.mit.edu/users/spinnerabc/
3D Star Wars 0.9.1-2 remix,https://scratch.mit.edu/projects/318165175/,Zedstudios01,https://scratch.mit.edu/users/Zedstudios01/
Simple Maze Game,https://scratch.mit.edu/projects/318165380/,jwjr,https://scratch.mit.edu/users/jwjr/
NEW-OLD JACSN Logos,https://scratch.mit.edu/projects/318165560/,Munchingbus,https://scratch.mit.edu/users/Munchingbus/
countdown to bell,https://scratch.mit.edu/projects/318126122/,kyleroy8,https://scratch.mit.edu/users/kyleroy8/
car racing 3,https://scratch.mit.edu/projects/318164221/,Blipii,https://scratch.mit.edu/users/Blipii/
????????????????,https://scratch.mit.edu/projects/314561522/,whity00007,https://scratch.mit.edu/users/whity00007/
Fusion Fighters,https://scratch.mit.edu/projects/317656130/,The_Pixel_Goat,https://scratch.mit.edu/users/The_Pixel_Goat/
scratchFight ?0.5.5,https://scratch.mit.edu/projects/318165155/,task58,https://scratch.mit.edu/users/task58/
Toxic head- a platformer,https://scratch.mit.edu/projects/318156803/,WWBen,https://scratch.mit.edu/users/WWBen/
wow!,https://scratch.mit.edu/projects/318165326/,messisalah99,https://scratch.mit.edu/users/messisalah99/
Fruit Ninja,https://scratch.mit.edu/projects/318146589/,ttoza,https://scratch.mit.edu/users/ttoza/
Pac Man with one dot,https://scratch.mit.edu/projects/318164512/,RShan5392,https://scratch.mit.edu/users/RShan5392/
gobo game 2 (3 pl game),https://scratch.mit.edu/projects/318165406/,wybje,https://scratch.mit.edu/users/wybje/
Sea Monster 3D by seaninja,https://scratch.mit.edu/projects/318128309/,seaninja,https://scratch.mit.edu/users/seaninja/
cuphead plants vs zombies Coming soon,https://scratch.mit.edu/projects/318152762/,cs905574,https://scratch.mit.edu/users/cs905574/
Pepsi FBI remix,https://scratch.mit.edu/projects/318155128/,Furfroufan2000,https://scratch.mit.edu/users/Furfroufan2000/
Scratch Cat??????,https://scratch.mit.edu/projects/318150038/,waku-waku06_sub,https://scratch.mit.edu/users/waku-waku06_sub/
M Y S Y S T E M C R A S H E D H A R D (17),https://scratch.mit.edu/projects/318154119/,kysk219dhsaek102,https://scratch.mit.edu/users/kysk219dhsaek102/
Naruto--- Shinobi Clicker,https://scratch.mit.edu/projects/317078789/,Emily-3,https://scratch.mit.edu/users/Emily-3/
?? MAZE remix,https://scratch.mit.edu/projects/318038517/,san10514,https://scratch.mit.edu/users/san10514/
????????-3 remix,https://scratch.mit.edu/projects/318154370/,kyuubi-s,https://scratch.mit.edu/users/kyuubi-s/
Fortnite Food Fight! Now Mobile friendly! remix,https://scratch.mit.edu/projects/316208499/,ryu-t-arrow,https://scratch.mit.edu/users/ryu-t-arrow/
Luka,https://scratch.mit.edu/projects/318035425/,All-Of-Nothing,https://scratch.mit.edu/users/All-Of-Nothing/
Lizzy's Boutique,https://scratch.mit.edu/projects/308835859/,Lizzy_06,https://scratch.mit.edu/users/Lizzy_06/
BECOO C1_ Reduced to Ketchums,https://scratch.mit.edu/projects/318153635/,icecubez,https://scratch.mit.edu/users/icecubez/
Noob Adventures Se. 2 Ep. 1,https://scratch.mit.edu/projects/318110224/,agentnoah,https://scratch.mit.edu/users/agentnoah/
Size It Up!,https://scratch.mit.edu/projects/316019495/,DropsofAu,https://scratch.mit.edu/users/DropsofAu/
???????????????7 remix,https://scratch.mit.edu/projects/318153620/,yuinyanko,https://scratch.mit.edu/users/yuinyanko/
SHE DID WHAT! remix,https://scratch.mit.edu/projects/318154664/,spinnerabc,https://scratch.mit.edu/users/spinnerabc/
weird art I,https://scratch.mit.edu/projects/318151247/,jacksondau,https://scratch.mit.edu/users/jacksondau/
Add Yourself Running From The Metro Train remix,https://scratch.mit.edu/projects/318164488/,albitaalex,https://scratch.mit.edu/users/albitaalex/
Larry Koopa Boss Fight,https://scratch.mit.edu/projects/317832958/,RoyVonKoopaJr,https://scratch.mit.edu/users/RoyVonKoopaJr/
A Cat Game!,https://scratch.mit.edu/projects/318164384/,OracleGamer,https://scratch.mit.edu/users/OracleGamer/
????????_?? remix,https://scratch.mit.edu/projects/318165867/,505QQQ,https://scratch.mit.edu/users/505QQQ/
raindrop catch,https://scratch.mit.edu/projects/298249381/,cun8,https://scratch.mit.edu/users/cun8/
SpinArt,https://scratch.mit.edu/projects/318161874/,Seige1,https://scratch.mit.edu/users/Seige1/
Kirby 3D remix,https://scratch.mit.edu/projects/229926775/,diran1280,https://scratch.mit.edu/users/diran1280/
Care for RUBE remix,https://scratch.mit.edu/projects/318151862/,lillypuppy30,https://scratch.mit.edu/users/lillypuppy30/
basketball challenge owen,https://scratch.mit.edu/projects/317453904/,6BOW2019,https://scratch.mit.edu/users/6BOW2019/
????????,https://scratch.mit.edu/projects/237658065/,diran1280,https://scratch.mit.edu/users/diran1280/
????,https://scratch.mit.edu/projects/318165648/,justin971220,https://scratch.mit.edu/users/justin971220/
Add Yourself Getting Annoyed by The Stickman remix,https://scratch.mit.edu/projects/318164785/,OmegaFlowey110811,https://scratch.mit.edu/users/OmegaFlowey110811/
Pepsi FBI remix,https://scratch.mit.edu/projects/318165634/,saccoders,https://scratch.mit.edu/users/saccoders/
volcano,https://scratch.mit.edu/projects/317086142/,mw0908,https://scratch.mit.edu/users/mw0908/
Intro,https://scratch.mit.edu/projects/318164720/,digiinferno,https://scratch.mit.edu/users/digiinferno/
? ???,https://scratch.mit.edu/projects/318163347/,oop7,https://scratch.mit.edu/users/oop7/
DOVE CATCH,https://scratch.mit.edu/projects/318024835/,Max_IT,https://scratch.mit.edu/users/Max_IT/
Random MLG?,https://scratch.mit.edu/projects/318054123/,Creatively_insane,https://scratch.mit.edu/users/Creatively_insane/
Add as many OC's as you can running away from GIANT JULIE! remix,https://scratch.mit.edu/projects/318142415/,Tyler_Returns42,https://scratch.mit.edu/users/Tyler_Returns42/
OC vs GIANT JULIE (2),https://scratch.mit.edu/projects/318144343/,Purrby,https://scratch.mit.edu/users/Purrby/
Baldi's Basics Scratch Edition BETA remix,https://scratch.mit.edu/projects/318144384/,rikeosti,https://scratch.mit.edu/users/rikeosti/
Space ship,https://scratch.mit.edu/projects/318144315/,wolverine2010,https://scratch.mit.edu/users/wolverine2010/
Poor animals,https://scratch.mit.edu/projects/318142710/,Bookworm0918,https://scratch.mit.edu/users/Bookworm0918/
a scene from bfb but i made it hecc on earth,https://scratch.mit.edu/projects/318143476/,_mespritsinnoh_,https://scratch.mit.edu/users/_mespritsinnoh_/
- Pokemon Clicker -,https://scratch.mit.edu/projects/318143474/,gladoneejay,https://scratch.mit.edu/users/gladoneejay/
Tortured Geko: HerE Is MY RaVil,https://scratch.mit.edu/projects/318143333/,Devinblamgaming65,https://scratch.mit.edu/users/Devinblamgaming65/
Get me through the forest,https://scratch.mit.edu/projects/318099323/,cs2857406,https://scratch.mit.edu/users/cs2857406/
klasky csupo ruber pack round 5,https://scratch.mit.edu/projects/318143421/,splaat-alt,https://scratch.mit.edu/users/splaat-alt/
example for ping pong,https://scratch.mit.edu/projects/237020080/,Germandls,https://scratch.mit.edu/users/Germandls/
?????????,https://scratch.mit.edu/projects/318142696/,gamepg,https://scratch.mit.edu/users/gamepg/
Watch out stickman,https://scratch.mit.edu/projects/318142003/,awesome_kid_200,https://scratch.mit.edu/users/awesome_kid_200/
???,https://scratch.mit.edu/projects/318052469/,kanarepc000,https://scratch.mit.edu/users/kanarepc000/
D-School Monster Creator ?? remix,https://scratch.mit.edu/projects/315827443/,sakusya444,https://scratch.mit.edu/users/sakusya444/
??? ??(grab mole) remix,https://scratch.mit.edu/projects/316705417/,jinn1204,https://scratch.mit.edu/users/jinn1204/
And then Chara came,https://scratch.mit.edu/projects/318148405/,Oooot5,https://scratch.mit.edu/users/Oooot5/
The KeyMaster,https://scratch.mit.edu/projects/318147396/,MichaelMur8,https://scratch.mit.edu/users/MichaelMur8/
Yaya's fight!!!,https://scratch.mit.edu/projects/318148101/,yaya3192010,https://scratch.mit.edu/users/yaya3192010/
Giga Platformer,https://scratch.mit.edu/projects/318141873/,jordan26149,https://scratch.mit.edu/users/jordan26149/
MEATSTICK IN A BUN WITH MUSTARD ON IT,https://scratch.mit.edu/projects/317630215/,Derpy_Turtle_004,https://scratch.mit.edu/users/Derpy_Turtle_004/
Old Town Road Clicker SONG IS CLEAN,https://scratch.mit.edu/projects/318145933/,mineguy9,https://scratch.mit.edu/users/mineguy9/
Pepsi FBI remix,https://scratch.mit.edu/projects/318146826/,ilovesloth2010,https://scratch.mit.edu/users/ilovesloth2010/
Marshmello-happier remix,https://scratch.mit.edu/projects/318147892/,cs2831927,https://scratch.mit.edu/users/cs2831927/
Time Machine Ranking List (v1.99),https://scratch.mit.edu/projects/318149111/,splaatfun75000,https://scratch.mit.edu/users/splaatfun75000/
???0622??,https://scratch.mit.edu/projects/318148201/,night1214,https://scratch.mit.edu/users/night1214/
bugs,https://scratch.mit.edu/projects/318144486/,lolcrazzy10,https://scratch.mit.edu/users/lolcrazzy10/
Don't call meh BLOBEH,https://scratch.mit.edu/projects/315106069/,SmithAyanaW,https://scratch.mit.edu/users/SmithAyanaW/
Escape remix-2,https://scratch.mit.edu/projects/318148661/,nath2010,https://scratch.mit.edu/users/nath2010/
?????????,https://scratch.mit.edu/projects/300570265/,iAFPn-NOAZOCS,https://scratch.mit.edu/users/iAFPn-NOAZOCS/
Everyone Is Here! (28)(?),https://scratch.mit.edu/projects/318144793/,marioiskool,https://scratch.mit.edu/users/marioiskool/
Dragon 3D,https://scratch.mit.edu/projects/318144069/,LaAm-9,https://scratch.mit.edu/users/LaAm-9/
ANA ELIZABETHHHHHHHHHHHHHHHHHHHHHHHHHHHHHHHHHHHHHHHHHHHHHHHHHHHHHHHHHHHHHHHHHHHHHHHHHHHHHHHHHHHHHHHH,https://scratch.mit.edu/projects/318143853/,lorenabonckewitzbj42,https://scratch.mit.edu/users/lorenabonckewitzbj42/
Clock,https://scratch.mit.edu/projects/318144124/,BlacktailScorpion3,https://scratch.mit.edu/users/BlacktailScorpion3/
Klasky Csupo Robot logo WACKA,https://scratch.mit.edu/projects/318134831/,CoderGamer4086,https://scratch.mit.edu/users/CoderGamer4086/
The Scratch Nobel Prize (Signups) By Me,https://scratch.mit.edu/projects/318143798/,bywok,https://scratch.mit.edu/users/bywok/
Untitledpie,https://scratch.mit.edu/projects/317202318/,programmer141,https://scratch.mit.edu/users/programmer141/
AY in Smash Bros,https://scratch.mit.edu/projects/318143235/,Wizard_Ol_Derp,https://scratch.mit.edu/users/Wizard_Ol_Derp/
Life [A Platformer] remix,https://scratch.mit.edu/projects/318143703/,cool-123456789,https://scratch.mit.edu/users/cool-123456789/
Stickman (Work In Progress),https://scratch.mit.edu/projects/317989118/,Sunuskue,https://scratch.mit.edu/users/Sunuskue/
space-shoot,https://scratch.mit.edu/projects/317960502/,mmtechno,https://scratch.mit.edu/users/mmtechno/
Undertale Attack Practice remix,https://scratch.mit.edu/projects/318141878/,Sansiago,https://scratch.mit.edu/users/Sansiago/
Diep.io v0.0.1 BETA,https://scratch.mit.edu/projects/315601753/,NotTheKraken,https://scratch.mit.edu/users/NotTheKraken/
Apple Picking,https://scratch.mit.edu/projects/318142539/,bbbringles,https://scratch.mit.edu/users/bbbringles/
The Journey (1),https://scratch.mit.edu/projects/318144847/,MookiloTheGreat,https://scratch.mit.edu/users/MookiloTheGreat/
Harry Potter House Quiz remix,https://scratch.mit.edu/projects/318142754/,dragonbros119,https://scratch.mit.edu/users/dragonbros119/
bonnie and freddy TURN DOWN FOR WHAT remix,https://scratch.mit.edu/projects/318124518/,Ilikedonutsloooove,https://scratch.mit.edu/users/Ilikedonutsloooove/
Wizard,https://scratch.mit.edu/projects/318132923/,livesenjoyable,https://scratch.mit.edu/users/livesenjoyable/
GIFGiff,https://scratch.mit.edu/projects/318134126/,-z_a-,https://scratch.mit.edu/users/-z_a-/
the cave!!!,https://scratch.mit.edu/projects/318146982/,Badosht,https://scratch.mit.edu/users/Badosht/
Super Scratch Bros. Beta 3.0 remix,https://scratch.mit.edu/projects/318147081/,qwnfbj,https://scratch.mit.edu/users/qwnfbj/
Add Yourself in Super Smash Bros. remix remix remix remix,https://scratch.mit.edu/projects/318145241/,bkayeye8232,https://scratch.mit.edu/users/bkayeye8232/
bathroom nightmare,https://scratch.mit.edu/projects/318141357/,stilezombie,https://scratch.mit.edu/users/stilezombie/
nyan cat,https://scratch.mit.edu/projects/318144687/,Parker34K,https://scratch.mit.edu/users/Parker34K/
goof boy,https://scratch.mit.edu/projects/318145307/,zarman,https://scratch.mit.edu/users/zarman/
Porcupine2009 Role Play remix remix remix remix remix,https://scratch.mit.edu/projects/318146101/,stoppunchingme,https://scratch.mit.edu/users/stoppunchingme/
CATCH THIS FREAKING CLOUD ITS DRIVEN ME NUTS!!!! remix,https://scratch.mit.edu/projects/313306468/,yeetersgonnayeet,https://scratch.mit.edu/users/yeetersgonnayeet/
???,https://scratch.mit.edu/projects/317181324/,YUTATTI,https://scratch.mit.edu/users/YUTATTI/
stupid usana chikorita brings an drama to school / grounded,https://scratch.mit.edu/projects/318140757/,Chikorita152B,https://scratch.mit.edu/users/Chikorita152B/
Space Ninjas,https://scratch.mit.edu/projects/318136560/,Rockcoolguy34,https://scratch.mit.edu/users/Rockcoolguy34/
??????????????,https://scratch.mit.edu/projects/318142375/,giantyou,https://scratch.mit.edu/users/giantyou/
Laberinto de manzanas,https://scratch.mit.edu/projects/316610966/,LucasDanielVE,https://scratch.mit.edu/users/LucasDanielVE/
Epic Adventure -A steel treasure box-,https://scratch.mit.edu/projects/315905545/,Giga-Link1000,https://scratch.mit.edu/users/Giga-Link1000/
M Y S Y S T E M C R A S H E D H A R D (13),https://scratch.mit.edu/projects/318147078/,kysk219dhsaek102,https://scratch.mit.edu/users/kysk219dhsaek102/
The Orange Game,https://scratch.mit.edu/projects/318146586/,AidanMaherVGCP90,https://scratch.mit.edu/users/AidanMaherVGCP90/
Monsters - OC’s Singing!,https://scratch.mit.edu/projects/318144785/,FuzziRuzi,https://scratch.mit.edu/users/FuzziRuzi/
Daniela Maldonado #4 caja de colores,https://scratch.mit.edu/projects/318142162/,daniela_maldonado,https://scratch.mit.edu/users/daniela_maldonado/
"bftror intro template Remixus, Projectus! remix remix",https://scratch.mit.edu/projects/318144370/,Oooot5,https://scratch.mit.edu/users/Oooot5/
Add Yourself Getting Annoyed by The Stickman (3),https://scratch.mit.edu/projects/318147140/,phineas2010,https://scratch.mit.edu/users/phineas2010/
3D ???????? 3D action game remix,https://scratch.mit.edu/projects/318144007/,kyuubi-s,https://scratch.mit.edu/users/kyuubi-s/
Collab (14),https://scratch.mit.edu/projects/318141292/,EmmettRios19,https://scratch.mit.edu/users/EmmettRios19/
ass,https://scratch.mit.edu/projects/317516547/,sel41462,https://scratch.mit.edu/users/sel41462/
PacMax,https://scratch.mit.edu/projects/318143042/,cmckeiv0,https://scratch.mit.edu/users/cmckeiv0/
Painted Plummet: James fight! ^easy^,https://scratch.mit.edu/projects/318139842/,Bitty_Swaps_sans,https://scratch.mit.edu/users/Bitty_Swaps_sans/
Mariokart wart,https://scratch.mit.edu/projects/318145065/,babmv,https://scratch.mit.edu/users/babmv/
??????,https://scratch.mit.edu/projects/317177626/,mizunoY,https://scratch.mit.edu/users/mizunoY/
A walk to the beach,https://scratch.mit.edu/projects/305075638/,daniel_loader1,https://scratch.mit.edu/users/daniel_loader1/
RenderingTest,https://scratch.mit.edu/projects/318146934/,TIXfan22,https://scratch.mit.edu/users/TIXfan22/
Super Merio Bros remix,https://scratch.mit.edu/projects/318148245/,RUAAMGWC,https://scratch.mit.edu/users/RUAAMGWC/
Ball King Fun,https://scratch.mit.edu/projects/318148077/,Silly-Suli,https://scratch.mit.edu/users/Silly-Suli/
catch ball,https://scratch.mit.edu/projects/318146991/,robloxuser3,https://scratch.mit.edu/users/robloxuser3/
Crimp _ DD5,https://scratch.mit.edu/projects/318149005/,Sunswift,https://scratch.mit.edu/users/Sunswift/
The common sense maze,https://scratch.mit.edu/projects/314360281/,20joannawong,https://scratch.mit.edu/users/20joannawong/
Pen,https://scratch.mit.edu/projects/318147395/,meeprulesfortnite,https://scratch.mit.edu/users/meeprulesfortnite/
try a arithmetic,https://scratch.mit.edu/projects/318147138/,pothunt,https://scratch.mit.edu/users/pothunt/
omg,https://scratch.mit.edu/projects/318150269/,F-_On_Your_Test3,https://scratch.mit.edu/users/F-_On_Your_Test3/
Do I LOOK?!,https://scratch.mit.edu/projects/318146068/,DaughterOfNya_,https://scratch.mit.edu/users/DaughterOfNya_/
dragon,https://scratch.mit.edu/projects/289429495/,torontoexpoler,https://scratch.mit.edu/users/torontoexpoler/
????Show! DVD???? copy,https://scratch.mit.edu/projects/318148974/,YamanaKenta,https://scratch.mit.edu/users/YamanaKenta/
????,https://scratch.mit.edu/projects/318148185/,sy070127,https://scratch.mit.edu/users/sy070127/
Travel the world,https://scratch.mit.edu/projects/314472620/,happysteller,https://scratch.mit.edu/users/happysteller/
Ball Game,https://scratch.mit.edu/projects/318149100/,kdh0901,https://scratch.mit.edu/users/kdh0901/
The Story of Chett (Episode 5),https://scratch.mit.edu/projects/306693645/,electro100,https://scratch.mit.edu/users/electro100/
My Pet Bearded Dragon,https://scratch.mit.edu/projects/318145959/,MarowakFazbear56708,https://scratch.mit.edu/users/MarowakFazbear56708/
The Warrior Cats Game remix,https://scratch.mit.edu/projects/318150205/,cwkgrace32243,https://scratch.mit.edu/users/cwkgrace32243/
twinkle twinkle little star for my baby cousin,https://scratch.mit.edu/projects/308967152/,bamafanpwash,https://scratch.mit.edu/users/bamafanpwash/
blimtale,https://scratch.mit.edu/projects/315024720/,BlimBam,https://scratch.mit.edu/users/BlimBam/
????PR?,https://scratch.mit.edu/projects/318147845/,aobox,https://scratch.mit.edu/users/aobox/
Time Machine Ranking List (v1.95),https://scratch.mit.edu/projects/318148695/,Rap_Boy,https://scratch.mit.edu/users/Rap_Boy/
jump,https://scratch.mit.edu/projects/317238748/,the_poper,https://scratch.mit.edu/users/the_poper/
Care for Sapphire remix,https://scratch.mit.edu/projects/318147569/,Ilikedonutsloooove,https://scratch.mit.edu/users/Ilikedonutsloooove/
HELP Mr CORN,https://scratch.mit.edu/projects/318144219/,KAPITLE_K,https://scratch.mit.edu/users/KAPITLE_K/
Alternate Future of the World Part 1: The Restart,https://scratch.mit.edu/projects/318133602/,NewSitckiman001,https://scratch.mit.edu/users/NewSitckiman001/
502 ????108/6/22??,https://scratch.mit.edu/projects/318024321/,502341718,https://scratch.mit.edu/users/502341718/
Donut FBI,https://scratch.mit.edu/projects/318149579/,turtlemasteroriginal,https://scratch.mit.edu/users/turtlemasteroriginal/
Swaying Tree remix,https://scratch.mit.edu/projects/318148014/,abrahammujica,https://scratch.mit.edu/users/abrahammujica/
kylie,https://scratch.mit.edu/projects/317857039/,KRH10150,https://scratch.mit.edu/users/KRH10150/
internet broke by this,https://scratch.mit.edu/projects/318134685/,aie11543,https://scratch.mit.edu/users/aie11543/
TheEpicJevil's Guide and the Secrets Within,https://scratch.mit.edu/projects/318147949/,TheEpicJevil,https://scratch.mit.edu/users/TheEpicJevil/
Sanztendo's Ultimate Boss Rush (4),https://scratch.mit.edu/projects/318149974/,ossipeemtngamer,https://scratch.mit.edu/users/ossipeemtngamer/
Draw one of my robot OCs and Eyebot will rate it. remix,https://scratch.mit.edu/projects/318151079/,alexyouhi,https://scratch.mit.edu/users/alexyouhi/
A Question,https://scratch.mit.edu/projects/318153403/,Caxis1904,https://scratch.mit.edu/users/Caxis1904/
Pokemon Showdown (Battle Simulator) V.2.8.0 remix,https://scratch.mit.edu/projects/318152635/,williams7r,https://scratch.mit.edu/users/williams7r/
Scratch Cat's More Annoying/Funnier Sound,https://scratch.mit.edu/projects/318151565/,BestAdam2008,https://scratch.mit.edu/users/BestAdam2008/
Energy Run,https://scratch.mit.edu/projects/317057886/,Never_ComiN,https://scratch.mit.edu/users/Never_ComiN/
Freeeway race car traffic rainbow!,https://scratch.mit.edu/projects/318152836/,GabrielS2018D,https://scratch.mit.edu/users/GabrielS2018D/
?beater????????????????,https://scratch.mit.edu/projects/315834540/,19njr210064,https://scratch.mit.edu/users/19njr210064/
Graystripe,https://scratch.mit.edu/projects/318148314/,Silly_Ja5nah,https://scratch.mit.edu/users/Silly_Ja5nah/
Space Sensation.,https://scratch.mit.edu/projects/317942006/,clamboo,https://scratch.mit.edu/users/clamboo/
bread catch,https://scratch.mit.edu/projects/318148164/,matsteww,https://scratch.mit.edu/users/matsteww/
???-?????,https://scratch.mit.edu/projects/318152584/,fsjinn,https://scratch.mit.edu/users/fsjinn/
Trapped,https://scratch.mit.edu/projects/317952433/,masek25785,https://scratch.mit.edu/users/masek25785/
acuarioMARIAFERNCRUZ9A,https://scratch.mit.edu/projects/318151805/,MariaFernandaCruz19,https://scratch.mit.edu/users/MariaFernandaCruz19/
THE FLY FLEA GAME!!!!!!!!!!!!!!!!!!!!!!!!!!!!!!!!!!!!!!!!!!!!!!!!!!!!!!!!!!!!!!!!!!!!!!!!!!!!!!!!!!!,https://scratch.mit.edu/projects/262252582/,Luna_Is_Amazing,https://scratch.mit.edu/users/Luna_Is_Amazing/
WHO IS THIS? remix,https://scratch.mit.edu/projects/318152589/,splaatfun75000,https://scratch.mit.edu/users/splaatfun75000/
Gummi OS (WIP),https://scratch.mit.edu/projects/318146235/,gummibear45,https://scratch.mit.edu/users/gummibear45/
Caja de Colores,https://scratch.mit.edu/projects/318148001/,maria_merida2,https://scratch.mit.edu/users/maria_merida2/
Salsa Class in a Nutshell,https://scratch.mit.edu/projects/318149423/,Dirty_Genius911,https://scratch.mit.edu/users/Dirty_Genius911/
1.17 Practice: Dance Party!,https://scratch.mit.edu/projects/318141425/,mwirtz112,https://scratch.mit.edu/users/mwirtz112/
The food loop,https://scratch.mit.edu/projects/212323108/,Coolcoder248,https://scratch.mit.edu/users/Coolcoder248/
The Doughnut video,https://scratch.mit.edu/projects/317703771/,lightningfireblade,https://scratch.mit.edu/users/lightningfireblade/
??????3?,https://scratch.mit.edu/projects/315855782/,13636685089,https://scratch.mit.edu/users/13636685089/
Get Out of the Way shark!,https://scratch.mit.edu/projects/313016909/,joanne20198018,https://scratch.mit.edu/users/joanne20198018/
My Go To Songs For an Outro,https://scratch.mit.edu/projects/318144361/,zbisset_sc19,https://scratch.mit.edu/users/zbisset_sc19/
???????,https://scratch.mit.edu/projects/317700566/,alvin1006alvin,https://scratch.mit.edu/users/alvin1006alvin/
Game,https://scratch.mit.edu/projects/307651131/,FunnyWizard03,https://scratch.mit.edu/users/FunnyWizard03/
Some Bossa Music (It's just one) :(,https://scratch.mit.edu/projects/318150429/,PillyMasterMusic,https://scratch.mit.edu/users/PillyMasterMusic/
Pockytock - The battle of Miftoo remix OwO,https://scratch.mit.edu/projects/318149066/,Guy_In_A_Blanket,https://scratch.mit.edu/users/Guy_In_A_Blanket/
Objection! Generator- Phoenix Wright remix,https://scratch.mit.edu/projects/318152610/,Chancellor_Izunia,https://scratch.mit.edu/users/Chancellor_Izunia/
Moteur de déplacement pour débutant,https://scratch.mit.edu/projects/318175234/,ericdesparte,https://scratch.mit.edu/users/ericdesparte/
SCR_208_L7_Pacman (student version) remix,https://scratch.mit.edu/projects/317491370/,briggs_preface,https://scratch.mit.edu/users/briggs_preface/
"Toy Tanks 3D! Mobile ready game with music, animations and fun! copy remix",https://scratch.mit.edu/projects/318176524/,LOLOLOZKA,https://scratch.mit.edu/users/LOLOLOZKA/
Labyrinthe multijoueursTUntitled-17 remix,https://scratch.mit.edu/projects/317097496/,zoomy82,https://scratch.mit.edu/users/zoomy82/
DO U LIKE APPLES?,https://scratch.mit.edu/projects/318172955/,Warriorcatser,https://scratch.mit.edu/users/Warriorcatser/
????????,https://scratch.mit.edu/projects/318162415/,yhyang-lg,https://scratch.mit.edu/users/yhyang-lg/
Dodge'ems Space 5.1,https://scratch.mit.edu/projects/318174028/,Squirtle1224,https://scratch.mit.edu/users/Squirtle1224/
??? ??,https://scratch.mit.edu/projects/318174576/,minje1584,https://scratch.mit.edu/users/minje1584/
BTS - Dream Glow,https://scratch.mit.edu/projects/318037794/,Mckeyla-Mcalister,https://scratch.mit.edu/users/Mckeyla-Mcalister/
mechapyrox,https://scratch.mit.edu/projects/318171797/,baess101,https://scratch.mit.edu/users/baess101/
???ULTRA??????,https://scratch.mit.edu/projects/318170954/,wesmaiqwih3,https://scratch.mit.edu/users/wesmaiqwih3/
Zombie Apocalypse 1 remix,https://scratch.mit.edu/projects/318176510/,HetPaardje7,https://scratch.mit.edu/users/HetPaardje7/
Harry Potter the game,https://scratch.mit.edu/projects/318173180/,Grazy_Pencil,https://scratch.mit.edu/users/Grazy_Pencil/
??????? ???? [w4] (?????????) remix,https://scratch.mit.edu/projects/318174535/,me0804,https://scratch.mit.edu/users/me0804/
Epic Ninja easy,https://scratch.mit.edu/projects/318173131/,gogfopro,https://scratch.mit.edu/users/gogfopro/
Character Bio Base remix,https://scratch.mit.edu/projects/318174489/,nightowl209,https://scratch.mit.edu/users/nightowl209/
Geometry Dash 2.0,https://scratch.mit.edu/projects/318176020/,ikeefehatescool,https://scratch.mit.edu/users/ikeefehatescool/
twinkle the fairy part-2,https://scratch.mit.edu/projects/318172698/,Vrindabestoos,https://scratch.mit.edu/users/Vrindabestoos/
? ?,https://scratch.mit.edu/projects/318171865/,TOUFU210,https://scratch.mit.edu/users/TOUFU210/
?????????????,https://scratch.mit.edu/projects/318047643/,AnkoChannel,https://scratch.mit.edu/users/AnkoChannel/
Lenny sea monster,https://scratch.mit.edu/projects/317884372/,12ef59,https://scratch.mit.edu/users/12ef59/
Add Yourself Stepping On The Beach remix,https://scratch.mit.edu/projects/318171448/,Shadowstar12343,https://scratch.mit.edu/users/Shadowstar12343/
Spin's World - Season 7 Credits (2014-2018) remix-5,https://scratch.mit.edu/projects/318173003/,Lalka1221,https://scratch.mit.edu/users/Lalka1221/
Sea Monster 3D (Animated) remix,https://scratch.mit.edu/projects/318176352/,virgile2008,https://scratch.mit.edu/users/virgile2008/
Birthday Card remix,https://scratch.mit.edu/projects/318174284/,Memcho,https://scratch.mit.edu/users/Memcho/
????-??????,https://scratch.mit.edu/projects/318176323/,yesun2818,https://scratch.mit.edu/users/yesun2818/
,https://scratch.mit.edu/projects/310852177/,3eiji0418,https://scratch.mit.edu/users/3eiji0418/
Moon  Episode 1,https://scratch.mit.edu/projects/318173615/,eri7111,https://scratch.mit.edu/users/eri7111/
Sea Monster 3D (Animated) remix,https://scratch.mit.edu/projects/318175907/,rabilein1,https://scratch.mit.edu/users/rabilein1/
????-????????,https://scratch.mit.edu/projects/318176288/,yesun2818,https://scratch.mit.edu/users/yesun2818/
Super Cat Bros remix,https://scratch.mit.edu/projects/318176297/,MECKID,https://scratch.mit.edu/users/MECKID/
HUD test,https://scratch.mit.edu/projects/271352350/,Newcat_ALT,https://scratch.mit.edu/users/Newcat_ALT/
KONE EcoDisc elevator ride V7.1 remix,https://scratch.mit.edu/projects/318175641/,NgLaiKwan,https://scratch.mit.edu/users/NgLaiKwan/
Uhh [Johndl05 Here],https://scratch.mit.edu/projects/318175082/,ethancool148,https://scratch.mit.edu/users/ethancool148/
??7 ??????,https://scratch.mit.edu/projects/318172403/,dangomushi3,https://scratch.mit.edu/users/dangomushi3/
??????,https://scratch.mit.edu/projects/318175888/,somjijtom2523,https://scratch.mit.edu/users/somjijtom2523/
??????????? remix-2,https://scratch.mit.edu/projects/318171130/,Kouchan-ko,https://scratch.mit.edu/users/Kouchan-ko/
Shadow v0.2 remix,https://scratch.mit.edu/projects/318175564/,Soma_kame,https://scratch.mit.edu/users/Soma_kame/
"OH, POOR LITTLE GUY...",https://scratch.mit.edu/projects/318175086/,bajongo,https://scratch.mit.edu/users/bajongo/
Drawing Emulator,https://scratch.mit.edu/projects/314423076/,theshefox,https://scratch.mit.edu/users/theshefox/
EXPECTATION VS REALITY,https://scratch.mit.edu/projects/318173902/,Intranet,https://scratch.mit.edu/users/Intranet/
????????,https://scratch.mit.edu/projects/318169861/,kyuubi-s,https://scratch.mit.edu/users/kyuubi-s/
Itacha 37 update remix,https://scratch.mit.edu/projects/318175600/,GeneralTiger2003,https://scratch.mit.edu/users/GeneralTiger2003/
???? remix,https://scratch.mit.edu/projects/318172852/,20096618,https://scratch.mit.edu/users/20096618/
??????? ????,https://scratch.mit.edu/projects/317107183/,aya_nis,https://scratch.mit.edu/users/aya_nis/
Random collab | well....,https://scratch.mit.edu/projects/318176074/,Thardys,https://scratch.mit.edu/users/Thardys/
Lesson 12: Pew Pew game (incomplete),https://scratch.mit.edu/projects/318172695/,cwhqinstructor1,https://scratch.mit.edu/users/cwhqinstructor1/
gory Headless peasant slaughter simulator remix,https://scratch.mit.edu/projects/318172921/,Stev09,https://scratch.mit.edu/users/Stev09/
cat??????E-Power+ ?,https://scratch.mit.edu/projects/318175202/,tohohogisu,https://scratch.mit.edu/users/tohohogisu/
1%  remix,https://scratch.mit.edu/projects/318172712/,mega_micro,https://scratch.mit.edu/users/mega_micro/
Zombie Killer,https://scratch.mit.edu/projects/318175513/,Electricire,https://scratch.mit.edu/users/Electricire/
.-CRYiNG-.  remix,https://scratch.mit.edu/projects/318166980/,DisturbedShenanigans,https://scratch.mit.edu/users/DisturbedShenanigans/
DJ PARTY,https://scratch.mit.edu/projects/318107442/,Dennisovich,https://scratch.mit.edu/users/Dennisovich/
the hustle-busle cats,https://scratch.mit.edu/projects/318170983/,max-franzese,https://scratch.mit.edu/users/max-franzese/
cose,https://scratch.mit.edu/projects/318172186/,Simeone_Orta,https://scratch.mit.edu/users/Simeone_Orta/
KIZLAR PODYUMDA,https://scratch.mit.edu/projects/317914116/,durru,https://scratch.mit.edu/users/durru/
??????????,https://scratch.mit.edu/projects/317103470/,endimion1047,https://scratch.mit.edu/users/endimion1047/
??? ??? ??????? remix,https://scratch.mit.edu/projects/318172521/,Blocker1232_2,https://scratch.mit.edu/users/Blocker1232_2/
Dj pro edjing de,https://scratch.mit.edu/projects/318171982/,Operaundop,https://scratch.mit.edu/users/Operaundop/
Project Cube remix,https://scratch.mit.edu/projects/235882560/,Tixto8,https://scratch.mit.edu/users/Tixto8/
Lift-Sim 2018,https://scratch.mit.edu/projects/318173172/,LawAlvin,https://scratch.mit.edu/users/LawAlvin/
?????????,https://scratch.mit.edu/projects/318172463/,jinstrout85,https://scratch.mit.edu/users/jinstrout85/
MSM Audio Book EARLY RELEASE,https://scratch.mit.edu/projects/317966114/,YaBoi_321,https://scratch.mit.edu/users/YaBoi_321/
happy mrs chicken,https://scratch.mit.edu/projects/318172037/,universe_games1,https://scratch.mit.edu/users/universe_games1/
cat chase game,https://scratch.mit.edu/projects/318170340/,garggalaxy,https://scratch.mit.edu/users/garggalaxy/
???????,https://scratch.mit.edu/projects/318154443/,pronpana27,https://scratch.mit.edu/users/pronpana27/
remote control car,https://scratch.mit.edu/projects/318170469/,prachiwadhwa,https://scratch.mit.edu/users/prachiwadhwa/
BILAL’s project,https://scratch.mit.edu/projects/318172232/,bil-a1,https://scratch.mit.edu/users/bil-a1/
ocean chase game,https://scratch.mit.edu/projects/318172717/,sailor2000,https://scratch.mit.edu/users/sailor2000/
Sanic the Hedgehog Platformer Engine,https://scratch.mit.edu/projects/318172352/,megeneme,https://scratch.mit.edu/users/megeneme/
Iron Man,https://scratch.mit.edu/projects/318171580/,V4L3NT1,https://scratch.mit.edu/users/V4L3NT1/
50415-???,https://scratch.mit.edu/projects/318174740/,yolanda0928,https://scratch.mit.edu/users/yolanda0928/
rosace,https://scratch.mit.edu/projects/315859773/,LeoLeo10,https://scratch.mit.edu/users/LeoLeo10/
rhythm zen 0.1,https://scratch.mit.edu/projects/313804011/,supersoniclucian679,https://scratch.mit.edu/users/supersoniclucian679/
???????????????,https://scratch.mit.edu/projects/315933966/,makaneco,https://scratch.mit.edu/users/makaneco/
???????? remix remix,https://scratch.mit.edu/projects/318174744/,MACROYAN,https://scratch.mit.edu/users/MACROYAN/
Provincias españa,https://scratch.mit.edu/projects/318135994/,juansg76,https://scratch.mit.edu/users/juansg76/
Asia 1,https://scratch.mit.edu/projects/318172236/,Asia1_Orta,https://scratch.mit.edu/users/Asia1_Orta/
The crazy chase! remix,https://scratch.mit.edu/projects/318172220/,BubblegumMuffin,https://scratch.mit.edu/users/BubblegumMuffin/
Tenis Simulator,https://scratch.mit.edu/projects/317777063/,YTGamesone,https://scratch.mit.edu/users/YTGamesone/
Add Yourself Waiting in the Elevator (2),https://scratch.mit.edu/projects/318174776/,Cloudy_Copter,https://scratch.mit.edu/users/Cloudy_Copter/
Add Tilly,https://scratch.mit.edu/projects/318174639/,Rap_Boy,https://scratch.mit.edu/users/Rap_Boy/
pico leert,https://scratch.mit.edu/projects/318172947/,draakvanberk,https://scratch.mit.edu/users/draakvanberk/
?????,https://scratch.mit.edu/projects/235804077/,kotaito,https://scratch.mit.edu/users/kotaito/
birthday party!!,https://scratch.mit.edu/projects/318173336/,prachiwadhwa,https://scratch.mit.edu/users/prachiwadhwa/
Sonic Pinball Chaos Edition,https://scratch.mit.edu/projects/318171880/,DonGlitchy,https://scratch.mit.edu/users/DonGlitchy/
five nights at freddy's (scratch edition),https://scratch.mit.edu/projects/316774694/,12ef59,https://scratch.mit.edu/users/12ef59/
??????? remix-2,https://scratch.mit.edu/projects/318172148/,BEUFK,https://scratch.mit.edu/users/BEUFK/
2G,https://scratch.mit.edu/projects/313338547/,Sienna1KPS,https://scratch.mit.edu/users/Sienna1KPS/
#NAME?,https://scratch.mit.edu/projects/318172693/,Moltress_op,https://scratch.mit.edu/users/Moltress_op/
Numberblocks Characters as of Feb 2019 remix,https://scratch.mit.edu/projects/318170670/,takumatakuma,https://scratch.mit.edu/users/takumatakuma/
??????,https://scratch.mit.edu/projects/300840324/,kassaaa,https://scratch.mit.edu/users/kassaaa/
How to hack scratch!,https://scratch.mit.edu/projects/318107586/,Gothworld,https://scratch.mit.edu/users/Gothworld/
Scratch-Craft adventure!!!,https://scratch.mit.edu/projects/317681113/,ScratchingTeamer,https://scratch.mit.edu/users/ScratchingTeamer/
caster game!,https://scratch.mit.edu/projects/318171139/,sheepbleat,https://scratch.mit.edu/users/sheepbleat/
seth,https://scratch.mit.edu/projects/318169137/,techbobtko,https://scratch.mit.edu/users/techbobtko/
??????1,https://scratch.mit.edu/projects/308767537/,13711099066,https://scratch.mit.edu/users/13711099066/
Check It Out Starter Project 1 remix-2,https://scratch.mit.edu/projects/318172587/,cs2853852,https://scratch.mit.edu/users/cs2853852/
Super Cat Bros(Buffed boss),https://scratch.mit.edu/projects/317518875/,frozenpikachu124,https://scratch.mit.edu/users/frozenpikachu124/
Big bellies!,https://scratch.mit.edu/projects/318174274/,Polly_Ann_27,https://scratch.mit.edu/users/Polly_Ann_27/
3?,https://scratch.mit.edu/projects/318162735/,IphoneXS,https://scratch.mit.edu/users/IphoneXS/
Crossy Road 2 (updated version),https://scratch.mit.edu/projects/318171508/,drwhoface,https://scratch.mit.edu/users/drwhoface/
??2???? ? 1? ???? ?? ??? ???!,https://scratch.mit.edu/projects/318174252/,wkdsf,https://scratch.mit.edu/users/wkdsf/
Curcubeu,https://scratch.mit.edu/projects/315937677/,DavidDThePro,https://scratch.mit.edu/users/DavidDThePro/
? ??? ? ?? ??,https://scratch.mit.edu/projects/318167859/,woosq8225,https://scratch.mit.edu/users/woosq8225/
~OPEN~ art contest!!!!! remix,https://scratch.mit.edu/projects/318170061/,shelby72,https://scratch.mit.edu/users/shelby72/
Colour Palette ~ V1.0,https://scratch.mit.edu/projects/318169295/,CreatorHub,https://scratch.mit.edu/users/CreatorHub/
Super Mario Maker for Scratch BETA remix,https://scratch.mit.edu/projects/318175097/,MECKID,https://scratch.mit.edu/users/MECKID/
????,https://scratch.mit.edu/projects/318164737/,woosq8225,https://scratch.mit.edu/users/woosq8225/
????,https://scratch.mit.edu/projects/318171685/,akaocchiz,https://scratch.mit.edu/users/akaocchiz/
??????,https://scratch.mit.edu/projects/318172945/,kyuubi-s,https://scratch.mit.edu/users/kyuubi-s/
Vissen,https://scratch.mit.edu/projects/310983556/,Jeditaro,https://scratch.mit.edu/users/Jeditaro/
Sunflower-Cartoon Network,https://scratch.mit.edu/projects/317626064/,dombo_forever,https://scratch.mit.edu/users/dombo_forever/
PLKFCMPS-4A14-Winnie,https://scratch.mit.edu/projects/318150881/,EP5N7lui4A14,https://scratch.mit.edu/users/EP5N7lui4A14/
I Need Voice Actors! remix,https://scratch.mit.edu/projects/318173574/,CocoTheClever,https://scratch.mit.edu/users/CocoTheClever/
Harry Potter Quiz,https://scratch.mit.edu/projects/300483751/,Hermione1834,https://scratch.mit.edu/users/Hermione1834/
Without Me Nightcore  remix,https://scratch.mit.edu/projects/318174428/,Aries_Are_Awesome11,https://scratch.mit.edu/users/Aries_Are_Awesome11/
????????,https://scratch.mit.edu/projects/318174604/,mmchn,https://scratch.mit.edu/users/mmchn/
Papers please,https://scratch.mit.edu/projects/209852454/,lexa555,https://scratch.mit.edu/users/lexa555/
rocket adventure 2.1,https://scratch.mit.edu/projects/318169540/,SV4217_STS,https://scratch.mit.edu/users/SV4217_STS/
????,https://scratch.mit.edu/projects/318174220/,Breaking_1,https://scratch.mit.edu/users/Breaking_1/
??????????,https://scratch.mit.edu/projects/305102912/,zakkky,https://scratch.mit.edu/users/zakkky/
Animate a Name - Starter Project remix,https://scratch.mit.edu/projects/318174257/,cs3179808,https://scratch.mit.edu/users/cs3179808/
????.,https://scratch.mit.edu/projects/318171061/,ahd009800,https://scratch.mit.edu/users/ahd009800/
Daily Calorie Calculator,https://scratch.mit.edu/projects/317167945/,syakirothmann,https://scratch.mit.edu/users/syakirothmann/
?????,https://scratch.mit.edu/projects/318168155/,mw0908,https://scratch.mit.edu/users/mw0908/
box os 3,https://scratch.mit.edu/projects/318174216/,Alan984,https://scratch.mit.edu/users/Alan984/
Teletubbies Battlegrounds,https://scratch.mit.edu/projects/318128571/,MarshMallow1242,https://scratch.mit.edu/users/MarshMallow1242/
,https://scratch.mit.edu/projects/318171394/,hikamreal,https://scratch.mit.edu/users/hikamreal/
the witches kaurna quiz,https://scratch.mit.edu/projects/307314381/,atroom27,https://scratch.mit.edu/users/atroom27/
????? ????? ????? 1 remix,https://scratch.mit.edu/projects/318171597/,scrapginger,https://scratch.mit.edu/users/scrapginger/
Undertale Simple Battle Creator v 4,https://scratch.mit.edu/projects/318125607/,llazare,https://scratch.mit.edu/users/llazare/
[3D]???????2 ????????????????,https://scratch.mit.edu/projects/318173981/,takahiro0723,https://scratch.mit.edu/users/takahiro0723/
?? ????,https://scratch.mit.edu/projects/318168571/,zedanx34,https://scratch.mit.edu/users/zedanx34/
Figures scratch!!!,https://scratch.mit.edu/projects/318068358/,cbourcier7,https://scratch.mit.edu/users/cbourcier7/
That Gravity Game 2 remix,https://scratch.mit.edu/projects/318171137/,SPIRIT_ERR0R_2019,https://scratch.mit.edu/users/SPIRIT_ERR0R_2019/
Square - a scrolling platformer,https://scratch.mit.edu/projects/318174246/,Skorsqi_TV,https://scratch.mit.edu/users/Skorsqi_TV/
?O???????2????,https://scratch.mit.edu/projects/317846638/,ikkachan,https://scratch.mit.edu/users/ikkachan/
75!,https://scratch.mit.edu/projects/318172788/,jeffrey829,https://scratch.mit.edu/users/jeffrey829/
Just yeet,https://scratch.mit.edu/projects/318168389/,hermonster,https://scratch.mit.edu/users/hermonster/
World of Jumpscares 2 Collab - Part 21,https://scratch.mit.edu/projects/318167833/,Thebonnieman,https://scratch.mit.edu/users/Thebonnieman/
??? copy remix,https://scratch.mit.edu/projects/304067558/,yuan97,https://scratch.mit.edu/users/yuan97/
2 Level Maze,https://scratch.mit.edu/projects/318169345/,noahkiteking,https://scratch.mit.edu/users/noahkiteking/
"Spiffy Pictures.exe Buttons ?^348,449,143,727,040,986,586,495,598,010,130,648,530,944,788,567… remix",https://scratch.mit.edu/projects/318174712/,msaad9,https://scratch.mit.edu/users/msaad9/
terraria dead,https://scratch.mit.edu/projects/318174687/,Blueclasslogin,https://scratch.mit.edu/users/Blueclasslogin/
Walt Disney Television Animation and Buena Vista International Television (2006) remix-2,https://scratch.mit.edu/projects/318174024/,Lalka1221,https://scratch.mit.edu/users/Lalka1221/
Paint the Maze remix,https://scratch.mit.edu/projects/318172151/,Zedstudios01,https://scratch.mit.edu/users/Zedstudios01/
CATCHER:Money + Sensor Mode,https://scratch.mit.edu/projects/317651638/,VitSem_Company,https://scratch.mit.edu/users/VitSem_Company/
tiku-uko vs orava,https://scratch.mit.edu/projects/317898678/,pykoho,https://scratch.mit.edu/users/pykoho/
conductor pig copy,https://scratch.mit.edu/projects/318172161/,jikojung,https://scratch.mit.edu/users/jikojung/
jevil in undertale,https://scratch.mit.edu/projects/318173375/,HL777,https://scratch.mit.edu/users/HL777/
??????8?,https://scratch.mit.edu/projects/295048162/,kinakon773,https://scratch.mit.edu/users/kinakon773/
Space game v.1,https://scratch.mit.edu/projects/317688244/,latuanminh,https://scratch.mit.edu/users/latuanminh/
20180915_?? ???_???-2,https://scratch.mit.edu/projects/249261431/,juheon97077383,https://scratch.mit.edu/users/juheon97077383/
Mortal Kombat_SCRATCH_v1,https://scratch.mit.edu/projects/318171977/,stevek475,https://scratch.mit.edu/users/stevek475/
For Polly_ann_27,https://scratch.mit.edu/projects/318174467/,Rap_Boy,https://scratch.mit.edu/users/Rap_Boy/
??????? remix,https://scratch.mit.edu/projects/318174525/,usagi-zombi-888,https://scratch.mit.edu/users/usagi-zombi-888/
playtest2,https://scratch.mit.edu/projects/318168077/,meetan123,https://scratch.mit.edu/users/meetan123/
JPainting TEST 1.3,https://scratch.mit.edu/projects/318172724/,Fidelio5,https://scratch.mit.edu/users/Fidelio5/
When You See Bugs in the Pool remix,https://scratch.mit.edu/projects/318174396/,Poptartlover2007,https://scratch.mit.edu/users/Poptartlover2007/
Santa Run!,https://scratch.mit.edu/projects/318172287/,JMWOE,https://scratch.mit.edu/users/JMWOE/
Sea Monster 3D (Animated) remix,https://scratch.mit.edu/projects/318171848/,bil-a1,https://scratch.mit.edu/users/bil-a1/
Noez. D: remix,https://scratch.mit.edu/projects/318174260/,jackluigi,https://scratch.mit.edu/users/jackluigi/
LONLEY STORM,https://scratch.mit.edu/projects/318170698/,supersoniclucian679,https://scratch.mit.edu/users/supersoniclucian679/
Walt Disney Television Animation and Buena Vista International Television (2006) remix-3,https://scratch.mit.edu/projects/318174431/,Lalka1221,https://scratch.mit.edu/users/Lalka1221/
Aquarium,https://scratch.mit.edu/projects/318172579/,PATKUN0831,https://scratch.mit.edu/users/PATKUN0831/
The space story. Add yourself and continue the story remix remix remix remix,https://scratch.mit.edu/projects/318173839/,EarBlaster_XD,https://scratch.mit.edu/users/EarBlaster_XD/
Anyone for a hugey? remix,https://scratch.mit.edu/projects/318171045/,BubblegumMuffin,https://scratch.mit.edu/users/BubblegumMuffin/
FNAF,https://scratch.mit.edu/projects/318077256/,Electricire,https://scratch.mit.edu/users/Electricire/
Erased - A Platformer remix,https://scratch.mit.edu/projects/318161706/,Trung2010,https://scratch.mit.edu/users/Trung2010/
Paper Mario Battle Creator V2.0 remix,https://scratch.mit.edu/projects/318171175/,Buwwix,https://scratch.mit.edu/users/Buwwix/
Asteroids_Not_working,https://scratch.mit.edu/projects/318054405/,mymanutd,https://scratch.mit.edu/users/mymanutd/
Otter Pop CC! OPEN! <3 remix,https://scratch.mit.edu/projects/318173569/,UnicornPuffball,https://scratch.mit.edu/users/UnicornPuffball/
????GO!GO!???????,https://scratch.mit.edu/projects/318167458/,sherry-chan,https://scratch.mit.edu/users/sherry-chan/
*DEMO* Super Mario Land Scratched 2 remix,https://scratch.mit.edu/projects/318174279/,2134445,https://scratch.mit.edu/users/2134445/
????GO!GO!?????,https://scratch.mit.edu/projects/318158822/,sherry-chan,https://scratch.mit.edu/users/sherry-chan/
??????270?,https://scratch.mit.edu/projects/317945859/,n_oggi,https://scratch.mit.edu/users/n_oggi/
The Wall Bounce,https://scratch.mit.edu/projects/318171486/,noahkiteking,https://scratch.mit.edu/users/noahkiteking/
?????????,https://scratch.mit.edu/projects/318168774/,kimk-h,https://scratch.mit.edu/users/kimk-h/
super cat and ?,https://scratch.mit.edu/projects/318169616/,zawa123456,https://scratch.mit.edu/users/zawa123456/
night light escape,https://scratch.mit.edu/projects/318167250/,exehamster,https://scratch.mit.edu/users/exehamster/
??-(??)???????,https://scratch.mit.edu/projects/318173834/,seokssaem,https://scratch.mit.edu/users/seokssaem/
I AM A MAAAN! remix,https://scratch.mit.edu/projects/318171711/,little_devil_paris,https://scratch.mit.edu/users/little_devil_paris/
TAILS TRICKS SONIC,https://scratch.mit.edu/projects/318172509/,Yoshisbestie,https://scratch.mit.edu/users/Yoshisbestie/
Up_Up_Upgrade,https://scratch.mit.edu/projects/318170995/,wjsalsrb5,https://scratch.mit.edu/users/wjsalsrb5/
Tokyo machine mashup (All) remix,https://scratch.mit.edu/projects/292714903/,RowanFC,https://scratch.mit.edu/users/RowanFC/
??????????,https://scratch.mit.edu/projects/303873393/,cactus218,https://scratch.mit.edu/users/cactus218/
???????????3?,https://scratch.mit.edu/projects/318169738/,gela-nya-7,https://scratch.mit.edu/users/gela-nya-7/
ryuppooto,https://scratch.mit.edu/projects/318173512/,ryu098,https://scratch.mit.edu/users/ryu098/
Gravity platformer 100%PEN remix,https://scratch.mit.edu/projects/318173360/,Emily815,https://scratch.mit.edu/users/Emily815/
WELL... YOU SEE...,https://scratch.mit.edu/projects/318173418/,bajongo,https://scratch.mit.edu/users/bajongo/
??????????(THE CARS AND STONES),https://scratch.mit.edu/projects/318171404/,-WAB-,https://scratch.mit.edu/users/-WAB-/
An image of Planets of the solar system from drawing oval remix copy,https://scratch.mit.edu/projects/318169325/,Khopkun77,https://scratch.mit.edu/users/Khopkun77/
???2,https://scratch.mit.edu/projects/318170852/,Freddy-huang,https://scratch.mit.edu/users/Freddy-huang/
messaging,https://scratch.mit.edu/projects/316864665/,Shrek_s_child,https://scratch.mit.edu/users/Shrek_s_child/
Intro remix,https://scratch.mit.edu/projects/318170829/,funny-mangle19,https://scratch.mit.edu/users/funny-mangle19/
Edward's evolution,https://scratch.mit.edu/projects/318173425/,Speedy2016,https://scratch.mit.edu/users/Speedy2016/
Term 2,https://scratch.mit.edu/projects/318149342/,Green04R,https://scratch.mit.edu/users/Green04R/
??????????_final remix,https://scratch.mit.edu/projects/318172319/,cl103073,https://scratch.mit.edu/users/cl103073/
"Jump, run and slide!",https://scratch.mit.edu/projects/317785565/,CoolCodingGirl1033,https://scratch.mit.edu/users/CoolCodingGirl1033/
Unicorn Maker  remix,https://scratch.mit.edu/projects/301091713/,PufferCake56,https://scratch.mit.edu/users/PufferCake56/
Cubic: A Platformer,https://scratch.mit.edu/projects/318166356/,lummix,https://scratch.mit.edu/users/lummix/
??9??????????,https://scratch.mit.edu/projects/317869519/,0312019032ro,https://scratch.mit.edu/users/0312019032ro/
The growing sun,https://scratch.mit.edu/projects/318169262/,VoteForSquirrel,https://scratch.mit.edu/users/VoteForSquirrel/
3d Mario Kart remix,https://scratch.mit.edu/projects/318170732/,AACmitti,https://scratch.mit.edu/users/AACmitti/
Ping Pong,https://scratch.mit.edu/projects/318171923/,superk100,https://scratch.mit.edu/users/superk100/
SKETCH STORY MODE CHAPTER 1,https://scratch.mit.edu/projects/317090650/,isaacandimogen,https://scratch.mit.edu/users/isaacandimogen/
Fortnite Remake,https://scratch.mit.edu/projects/318000267/,IronBlaze_Yeet,https://scratch.mit.edu/users/IronBlaze_Yeet/
Flappy Bird Reborn,https://scratch.mit.edu/projects/317118573/,coolcoder_007,https://scratch.mit.edu/users/coolcoder_007/
??????? (1),https://scratch.mit.edu/projects/318168125/,yuna0306,https://scratch.mit.edu/users/yuna0306/
??? 3,https://scratch.mit.edu/projects/235797621/,kotaito,https://scratch.mit.edu/users/kotaito/
dino en luka,https://scratch.mit.edu/projects/306751655/,Lukajanda,https://scratch.mit.edu/users/Lukajanda/
added zerin,https://scratch.mit.edu/projects/318172613/,Polly_Ann_27,https://scratch.mit.edu/users/Polly_Ann_27/
?????,https://scratch.mit.edu/projects/318171756/,okutopas,https://scratch.mit.edu/users/okutopas/
Speed Fishing remix,https://scratch.mit.edu/projects/314001578/,wallennnes3,https://scratch.mit.edu/users/wallennnes3/
CLIMATICTAC-Court,https://scratch.mit.edu/projects/318170549/,canope66,https://scratch.mit.edu/users/canope66/
glmv Side to side,https://scratch.mit.edu/projects/318098593/,cutiepinkpig,https://scratch.mit.edu/users/cutiepinkpig/
Walt Disney Television Animation and Buena Vista International Television (2006) remix,https://scratch.mit.edu/projects/318173685/,Lalka1221,https://scratch.mit.edu/users/Lalka1221/
Auto ausweichen V2,https://scratch.mit.edu/projects/318169952/,RaspberryArduino,https://scratch.mit.edu/users/RaspberryArduino/
Land of the Shadows ||Roleplay Signup Sheet|| remix,https://scratch.mit.edu/projects/318132996/,Ziggypiggy101,https://scratch.mit.edu/users/Ziggypiggy101/
????? ?????? remix,https://scratch.mit.edu/projects/318172948/,SPIRIT_ERR0R_2019,https://scratch.mit.edu/users/SPIRIT_ERR0R_2019/
Roblox song VS minecraft song,https://scratch.mit.edu/projects/318166930/,Dprogrammer11,https://scratch.mit.edu/users/Dprogrammer11/
Ashlyn Wallace.EXE (Round 980 Of Fler.EXE),https://scratch.mit.edu/projects/316541393/,Mammal25,https://scratch.mit.edu/users/Mammal25/
??????,https://scratch.mit.edu/projects/318173510/,yesun2818,https://scratch.mit.edu/users/yesun2818/
The Dounts 2,https://scratch.mit.edu/projects/318166840/,Cat2020M,https://scratch.mit.edu/users/Cat2020M/
brawl stars,https://scratch.mit.edu/projects/317171251/,jefclaessens,https://scratch.mit.edu/users/jefclaessens/
Calculator,https://scratch.mit.edu/projects/318168087/,tompiler,https://scratch.mit.edu/users/tompiler/
????????0.9.1,https://scratch.mit.edu/projects/235755070/,kotaito,https://scratch.mit.edu/users/kotaito/
Flappy Bird,https://scratch.mit.edu/projects/318170932/,Rizer755,https://scratch.mit.edu/users/Rizer755/
11_1?1???,https://scratch.mit.edu/projects/314438666/,mizuki0122,https://scratch.mit.edu/users/mizuki0122/
???? ??2,https://scratch.mit.edu/projects/318170978/,IQ1800,https://scratch.mit.edu/users/IQ1800/
sm,https://scratch.mit.edu/projects/318172741/,scratch-eli10,https://scratch.mit.edu/users/scratch-eli10/
Angry Birds Stella,https://scratch.mit.edu/projects/318064646/,Knight_Lab,https://scratch.mit.edu/users/Knight_Lab/
avatar maker cz-záv?re?ný projekt,https://scratch.mit.edu/projects/317730865/,eman_mit,https://scratch.mit.edu/users/eman_mit/
131803kj's PONG,https://scratch.mit.edu/projects/318032918/,131803kj,https://scratch.mit.edu/users/131803kj/
Cookie Clicker,https://scratch.mit.edu/projects/316660187/,avacrichton_,https://scratch.mit.edu/users/avacrichton_/
MY OC IS BIG AS RIDLY,https://scratch.mit.edu/projects/318172583/,toufuey,https://scratch.mit.edu/users/toufuey/
Water Slide remix-3 remix,https://scratch.mit.edu/projects/318169062/,45132999666,https://scratch.mit.edu/users/45132999666/
????? remix,https://scratch.mit.edu/projects/318059958/,a-chan6,https://scratch.mit.edu/users/a-chan6/
Thank you !  ???...,https://scratch.mit.edu/projects/318166433/,paulinebzh,https://scratch.mit.edu/users/paulinebzh/
Undertale Colored Tiles but you can't pass the first level,https://scratch.mit.edu/projects/318126793/,PilloswineDude,https://scratch.mit.edu/users/PilloswineDude/
?? ??? ??,https://scratch.mit.edu/projects/317502102/,silvertickett,https://scratch.mit.edu/users/silvertickett/
????????,https://scratch.mit.edu/projects/318166445/,_I_AM_JAPANESE_,https://scratch.mit.edu/users/_I_AM_JAPANESE_/
Autorennen,https://scratch.mit.edu/projects/312252839/,Tridudelda,https://scratch.mit.edu/users/Tridudelda/
Ice cap zone Somari Engine (Ver 1.4) remix-4,https://scratch.mit.edu/projects/318172127/,Trainz32608,https://scratch.mit.edu/users/Trainz32608/
monster legends,https://scratch.mit.edu/projects/318164047/,ddcbanana,https://scratch.mit.edu/users/ddcbanana/
change color,https://scratch.mit.edu/projects/318168357/,sawitreeph,https://scratch.mit.edu/users/sawitreeph/
pakkertje,https://scratch.mit.edu/projects/318171699/,Annavermeulen2009,https://scratch.mit.edu/users/Annavermeulen2009/
WAFFLEZ remix,https://scratch.mit.edu/projects/318169696/,KIKI_DOG,https://scratch.mit.edu/users/KIKI_DOG/
click anina dance,https://scratch.mit.edu/projects/317368399/,elephanttime,https://scratch.mit.edu/users/elephanttime/
MaRkUs’s wIi cRaSh,https://scratch.mit.edu/projects/318170862/,EarBlaster_XD,https://scratch.mit.edu/users/EarBlaster_XD/
Salvage The Masked Man,https://scratch.mit.edu/projects/318039794/,PURPLE_THE_GEIST,https://scratch.mit.edu/users/PURPLE_THE_GEIST/
????,https://scratch.mit.edu/projects/317839037/,heechul51,https://scratch.mit.edu/users/heechul51/
?????,https://scratch.mit.edu/projects/308763653/,Helloween-1,https://scratch.mit.edu/users/Helloween-1/
Rydu Beta 0.1,https://scratch.mit.edu/projects/316975797/,kang060302,https://scratch.mit.edu/users/kang060302/
"8 Games: Clicker, Platformer, Dancing Cube,Stamps, Grid, Spirograph, Shooting, and Pen  remix",https://scratch.mit.edu/projects/318172284/,CutieJessie,https://scratch.mit.edu/users/CutieJessie/
? Here We Are ? COMPLETE MAP remix,https://scratch.mit.edu/projects/318172969/,JPA666,https://scratch.mit.edu/users/JPA666/
Girls Like You MAP (OPEN) remix,https://scratch.mit.edu/projects/313461665/,realdash,https://scratch.mit.edu/users/realdash/
Crée ton dragon,https://scratch.mit.edu/projects/317665921/,linabaa,https://scratch.mit.edu/users/linabaa/
burdlem2c14Tomie,https://scratch.mit.edu/projects/318144395/,0519yurino,https://scratch.mit.edu/users/0519yurino/
Make it fly,https://scratch.mit.edu/projects/318171142/,Irfan040605,https://scratch.mit.edu/users/Irfan040605/
Pong Game,https://scratch.mit.edu/projects/318169937/,Gluteosaurus,https://scratch.mit.edu/users/Gluteosaurus/
"Imagine, Draw, Laugh!",https://scratch.mit.edu/projects/318170138/,saa42514,https://scratch.mit.edu/users/saa42514/
?????????????????12 remix-2,https://scratch.mit.edu/projects/318155481/,yuinyanko,https://scratch.mit.edu/users/yuinyanko/
azetyui,https://scratch.mit.edu/projects/318172072/,helia_2018,https://scratch.mit.edu/users/helia_2018/
TEMBOON FINAL,https://scratch.mit.edu/projects/318167855/,mechaude,https://scratch.mit.edu/users/mechaude/
Super Scratch Bros. Beta 3.0 remix,https://scratch.mit.edu/projects/318118568/,Firehead123456789,https://scratch.mit.edu/users/Firehead123456789/
Welcome To My Profile!,https://scratch.mit.edu/projects/318168362/,CodingWar001,https://scratch.mit.edu/users/CodingWar001/
MW-like ss7,https://scratch.mit.edu/projects/318172440/,smurf-scratchs,https://scratch.mit.edu/users/smurf-scratchs/
?????????????,https://scratch.mit.edu/projects/318172343/,jinstrout85,https://scratch.mit.edu/users/jinstrout85/
?????,https://scratch.mit.edu/projects/317088003/,ta-ta040,https://scratch.mit.edu/users/ta-ta040/
I'm Joined,https://scratch.mit.edu/projects/318172393/,majdawad,https://scratch.mit.edu/users/majdawad/
?????,https://scratch.mit.edu/projects/318171976/,cuterabbit86,https://scratch.mit.edu/users/cuterabbit86/
La leggenda di Varsavia  copy,https://scratch.mit.edu/projects/318170270/,maestrapat60,https://scratch.mit.edu/users/maestrapat60/
at the park remix,https://scratch.mit.edu/projects/318172345/,mrsmischenko,https://scratch.mit.edu/users/mrsmischenko/
Count On Me - Part 4,https://scratch.mit.edu/projects/317617750/,XxwarriorwolfgirlxX,https://scratch.mit.edu/users/XxwarriorwolfgirlxX/
a New Effect,https://scratch.mit.edu/projects/318172231/,vmax2019,https://scratch.mit.edu/users/vmax2019/
??????????????,https://scratch.mit.edu/projects/317984876/,beatnix,https://scratch.mit.edu/users/beatnix/
Add yourself running in the Lobby!,https://scratch.mit.edu/projects/318169657/,AndyThePrince703,https://scratch.mit.edu/users/AndyThePrince703/
??????? remix remix remix remix remix remix remix,https://scratch.mit.edu/projects/318171593/,MACROYAN,https://scratch.mit.edu/users/MACROYAN/
Scrolling Beta.,https://scratch.mit.edu/projects/318161677/,_A_T_O_M_I_C_,https://scratch.mit.edu/users/_A_T_O_M_I_C_/
????????!!!!!!!!!!!!!!!!!!!!!!!!!!!!!!!!!!!!!!!!!!!!!!!!!!!!!!!!!!!!!!!!!!!!!!!!!!!,https://scratch.mit.edu/projects/318162422/,kyuubi-s,https://scratch.mit.edu/users/kyuubi-s/
SONG!!!!!!!!!!!!!!!!!!!!!!!!!!!!!!!!!!!!!!!!!!!!!!!!!!!!!!!!!!!!!!!!!!!!!!!!!!!!!!!!!!!!!!!!!!!!!!!!,https://scratch.mit.edu/projects/318170106/,Koalalovelove,https://scratch.mit.edu/users/Koalalovelove/
The Ninja Level Creator remix,https://scratch.mit.edu/projects/318170136/,Simple_Platformer,https://scratch.mit.edu/users/Simple_Platformer/
*snort* lol oof *messed up sound*,https://scratch.mit.edu/projects/318169389/,KIKI_DOG,https://scratch.mit.edu/users/KIKI_DOG/
FRIENDS,https://scratch.mit.edu/projects/318076664/,SISPFLP,https://scratch.mit.edu/users/SISPFLP/
Pepsi FBI remix,https://scratch.mit.edu/projects/318168667/,suibom09,https://scratch.mit.edu/users/suibom09/
Project pixel,https://scratch.mit.edu/projects/318170003/,-randocrab-,https://scratch.mit.edu/users/-randocrab-/
AW Limitless | ???,https://scratch.mit.edu/projects/318168887/,Ninnyan,https://scratch.mit.edu/users/Ninnyan/
catch the griffin!,https://scratch.mit.edu/projects/318170186/,diamond-A,https://scratch.mit.edu/users/diamond-A/
???????mikotan ver.,https://scratch.mit.edu/projects/318048234/,mikotan,https://scratch.mit.edu/users/mikotan/
Tetris NEX,https://scratch.mit.edu/projects/318169436/,merricThe1,https://scratch.mit.edu/users/merricThe1/
?????? ?,https://scratch.mit.edu/projects/234546247/,amoszoshiki,https://scratch.mit.edu/users/amoszoshiki/
???????? Par1   ?  remix,https://scratch.mit.edu/projects/318169410/,c-take,https://scratch.mit.edu/users/c-take/
Rubik's Rush - Mobile Ready remix,https://scratch.mit.edu/projects/318169399/,mauroluca,https://scratch.mit.edu/users/mauroluca/
Pixel Jump Ultimate (v2.21) remix-3,https://scratch.mit.edu/projects/318171947/,politieagent2,https://scratch.mit.edu/users/politieagent2/
???????,https://scratch.mit.edu/projects/308763849/,Helloween-1,https://scratch.mit.edu/users/Helloween-1/
Bad Time Clicker | V.1.2 remix,https://scratch.mit.edu/projects/318172247/,PilloswineDude,https://scratch.mit.edu/users/PilloswineDude/
I tried making Comedoi like @XxSonicExeGamerxX,https://scratch.mit.edu/projects/318164254/,dumbboynobodylikes,https://scratch.mit.edu/users/dumbboynobodylikes/
ADD YOURSELF!!!!!!!!!!!!!!!!!!!!! this is remix remix,https://scratch.mit.edu/projects/318171842/,BubblegumMuffin,https://scratch.mit.edu/users/BubblegumMuffin/
slither,https://scratch.mit.edu/projects/318167429/,pankok,https://scratch.mit.edu/users/pankok/
X attack 3.0,https://scratch.mit.edu/projects/317771547/,TinyPro123,https://scratch.mit.edu/users/TinyPro123/
Paint n' Draw to Victory!,https://scratch.mit.edu/projects/318118772/,DimonKILL,https://scratch.mit.edu/users/DimonKILL/
Character Creator [Actual Thing] remix-2,https://scratch.mit.edu/projects/318169333/,Helpcoding123,https://scratch.mit.edu/users/Helpcoding123/
3D Interface - Sphere 1.0 remix,https://scratch.mit.edu/projects/318168937/,starwars590,https://scratch.mit.edu/users/starwars590/
Matyi bet?k,https://scratch.mit.edu/projects/318170808/,wmatyko,https://scratch.mit.edu/users/wmatyko/
Jump 2 save da world remix-2,https://scratch.mit.edu/projects/318171578/,BubblegumMuffin,https://scratch.mit.edu/users/BubblegumMuffin/
film maker,https://scratch.mit.edu/projects/318172218/,215463,https://scratch.mit.edu/users/215463/
my first game,https://scratch.mit.edu/projects/318169617/,isanu,https://scratch.mit.edu/users/isanu/
????THE?STOP!,https://scratch.mit.edu/projects/318051772/,9-9-9-9-9-9-9-9-9,https://scratch.mit.edu/users/9-9-9-9-9-9-9-9-9/
night traffic,https://scratch.mit.edu/projects/318170421/,asgardhails,https://scratch.mit.edu/users/asgardhails/
That Gravity Game remix copy,https://scratch.mit.edu/projects/314637678/,uker,https://scratch.mit.edu/users/uker/
2.5D Minecraft Platformer  remix,https://scratch.mit.edu/projects/318169056/,MECKID,https://scratch.mit.edu/users/MECKID/
Smash Royale,https://scratch.mit.edu/projects/318170416/,jiniutarget,https://scratch.mit.edu/users/jiniutarget/
11_???,https://scratch.mit.edu/projects/314438268/,kouki1215,https://scratch.mit.edu/users/kouki1215/
???????1,https://scratch.mit.edu/projects/317168648/,sksk89,https://scratch.mit.edu/users/sksk89/
